Test_included,Test_category,Test_item,Test_data_points,Test_comment,Test_numeric_test,Test_numeric_distribution_test,Test_integer_test
1,Cat 1,CH1,"{""id"":47,""name"":""Shared Data""}",YES,1,101,102
1,Cat 1,CH1,"{""id"":47,""name"":""Shared Data""}",YES,1,101,102
1,Cat 1,CH1,"{""id"":47,""name"":""Shared Data""}",YES,1,101,102
1,Cat 1,CH1,"{""id"":47,""name"":""Shared Data""}",YES,1,101,102
1,Cat 1,CH1,"{""id"":47,""name"":""Shared Data""}",YES,1,101,102
1,Cat 1,CH1,"{""id"":47,""name"":""Shared Data""}",YES,1,101,102
1,Cat 1,CH1,"{""id"":47,""name"":""Shared Data""}",YES,1,101,102
1,Cat 1,CH1,"{""id"":47,""name"":""Shared Data""}",YES,1,101,102
1,Cat 1,CH1,"{""id"":47,""name"":""Shared Data""}",YES,1,101,102
1,Cat 1,CH1,"{""id"":47,""name"":""Shared Data""}",YES,1,101,102
1,Cat 1,CH1,"{""id"":47,""name"":""Shared Data""}",YES,1,101,102
1,Cat 1,CH1,"{""id"":47,""name"":""Shared Data""}",YES,1,101,102
1,Cat 1,CH1,"{""id"":47,""name"":""Shared Data""}",YES,1,101,102
1,Cat 1,CH1,"{""id"":47,""name"":""Shared Data""}",YES,1,101,102
1,Cat 1,CH1,"{""id"":47,""name"":""Shared Data""}",YES,1,101,102
1,Cat 1,CH1,"{""id"":47,""name"":""Shared Data""}",YES,1,101,102
1,Cat 1,CH1,"{""id"":47,""name"":""Shared Data""}",YES,1,101,102
1,Cat 1,CH1,"{""id"":47,""name"":""Shared Data""}",YES,1,101,102
1,Cat 1,CH1,"{""id"":47,""name"":""Shared Data""}",YES,1,101,102
1,Cat 1,CH1,"{""id"":47,""name"":""Shared Data""}",YES,1,101,102
1,Cat 1,CH1,"{""id"":47,""name"":""Shared Data""}",YES,1,101,102
1,Cat 1,CH1,"{""id"":47,""name"":""Shared Data""}",YES,1,101,102
1,Cat 1,CH1,"{""id"":47,""name"":""Shared Data""}",YES,1,101,102
1,Cat 1,CH1,"{""id"":47,""name"":""Shared Data""}",YES,1,101,102
1,Cat 1,CH1,"{""id"":47,""name"":""Shared Data""}",YES,1,101,102
1,Cat 1,CH1,"{""id"":47,""name"":""Shared Data""}",YES,1,101,102
1,Cat 1,CH1,"{""id"":47,""name"":""Shared Data""}",YES,1,101,102
1,Cat 1,CH1,"{""id"":47,""name"":""Shared Data""}",YES,1,101,102
1,Cat 1,CH1,"{""id"":47,""name"":""Shared Data""}",YES,1,101,102
1,Cat 1,CH1,"{""id"":47,""name"":""Shared Data""}",YES,1,101,102
1,Cat 1,CH1,"{""id"":47,""name"":""Shared Data""}",YES,1,101,102
1,Cat 1,CH1,"{""id"":47,""name"":""Shared Data""}",YES,1,101,102
1,Cat 1,CH1,"{""id"":47,""name"":""Shared Data""}",YES,1,101,102
1,Cat 1,CH1,"{""id"":47,""name"":""Shared Data""}",YES,1,101,102
1,Cat 1,CH1,"{""id"":47,""name"":""Shared Data""}",YES,1,101,102
1,Cat 1,CH1,"{""id"":47,""name"":""Shared Data""}",YES,1,101,102
1,Cat 1,CH1,"{""id"":47,""name"":""Shared Data""}",YES,1,101,102
1,Cat 1,CH1,"{""id"":47,""name"":""Shared Data""}",YES,1,101,102
1,Cat 1,CH1,"{""id"":47,""name"":""Shared Data""}",YES,1,101,102
1,Cat 1,CH1,"{""id"":47,""name"":""Shared Data""}",YES,1,101,102
1,Cat 1,CH1,"{""id"":47,""name"":""Shared Data""}",YES,1,101,102
1,Cat 1,CH1,"{""id"":47,""name"":""Shared Data""}",YES,1,101,102
1,Cat 1,CH1,"{""id"":47,""name"":""Shared Data""}",YES,1,101,102
1,Cat 1,CH1,"{""id"":47,""name"":""Shared Data""}",YES,1,101,102
1,Cat 1,CH1,"{""id"":47,""name"":""Shared Data""}",YES,1,101,102
1,Cat 1,CH1,"{""id"":47,""name"":""Shared Data""}",YES,1,101,102
1,Cat 1,CH1,"{""id"":47,""name"":""Shared Data""}",YES,1,101,102
1,Cat 1,CH1,"{""id"":47,""name"":""Shared Data""}",YES,1,101,102
1,Cat 1,CH1,"{""id"":47,""name"":""Shared Data""}",YES,1,101,102
1,Cat 1,CH1,"{""id"":47,""name"":""Shared Data""}",YES,1,101,102
